{
    "uralmash": [
        [
            56.92309,
            60.654236
        ],
        [
            56.875464,
            60.555818
        ]
    ],
    "clever_park": [
        [
            56.809115,
            60.609494
        ],
        [
            56.830315,
            60.635966
        ]
    ],
    "sibirskiy_tract": [
        [
            56.828707,
            60.637254
        ],
        [
            56.801724,
            60.725692
        ]
    ],
    "vtuzgorodok": [
        [
            56.830182,
            60.63402
        ],
        [
            56.857692,
            60.668304
        ]
    ],
    "bti": [
        [
            56.861788,
            60.663292
        ],
        [
            56.828707,
            60.739029
        ]
    ],
    "ekad": [
        [
            56.82754,
            60.729102
        ],
        [
            56.74877,
            60.835897
        ]
    ],
    "bolshoy_istok": [
        [
            56.74877,
            60.835897
        ],
        [
            56.74877,
            60.835897
        ]
    ],
    "berezovskiy": [
        [
            56.9563,
            60.737768
        ],
        [
            56.801296,
            61.015071
        ]
    ],
    "kolcovskiy": [
        [
            56.776987,
            60.76189
        ],
        [
            56.735087,
            60.650647
        ]
    ],
    "vtorchermet": [
        [
            56.772421,
            60.65002
        ],
        [
            56.734791,
            60.539832
        ]
    ],
    "academ": [
        [
            56.767533,
            60.556161
        ],
        [
            56.800928,
            60.458208
        ]
    ],
    "mega": [
        [
            56.801226,
            60.553472
        ],
        [
            56.826349,
            60.471257
        ]
    ],
    "verh_isetskiy": [
        [
            56.826432,
            60.47168
        ],
        [
            56.849112,
            60.561567
        ]
    ],
    "zheleznodorogniy": [
        [
            56.84743,
            60.57635
        ],
        [
            56.89284,
            60.456551
        ]
    ],
    "luxury": [
        [
            56.836315,
            60.581995
        ],
        [
            56.849624,
            60.597376
        ]
    ],
    "center": [
        [
            56.817217,
            60.584332
        ],
        [
            56.839036,
            60.622957
        ]
    ],
    "vokzal": [
        [
            56.849957,
            60.583556
        ],
        [
            56.859919,
            60.61686
        ]
    ],
    "hram_na_krovi": [
        [
            56.849448,
            60.62578
        ],
        [
            56.827631,
            60.607384
        ]
    ],
    "pionerskiy": [
        [
            56.85503,
            60.623117
        ],
        [
            56.87536,
            60.672371
        ]
    ],
    "uktus": [
        [
            56.788835,
            60.676757
        ],
        [
            56.771563,
            60.634038
        ]
    ],
    "bazoviy": [
        [
            56.815111,
            60.678943
        ],
        [
            56.788989,
            60.64265
        ]
    ],
    "botanica": [
        [
            56.800778,
            60.64235
        ],
        [
            56.787947,
            60.602707
        ]
    ],
    "chkalovskaya": [
        [
            56.810269,
            60.641465
        ],
        [
            56.799339,
            60.593887
        ]
    ],
    "leninskiy": [
        [
            56.791302,
            60.596095
        ],
        [
            56.811459,
            60.539028
        ]
    ],
    "arena": [
        [
            56.826967,
            60.551081
        ],
        [
            56.84264,
            60.58392
        ]
    ],
    "repina_moskovskaya": [
        [
            56.827891,
            60.587629
        ],
        [
            56.806922,
            60.52117
        ]
    ]
}